relative_path,primary_subfolder,x,y,z
brainstem\1.3_P301S+PLA_BS_AT8_E2_first bottom_2026-04-22_14.32.11_FusionStitcher.ims,brainstem,0.15213680711911653,0.15213851721868832,1.8166666666667577
brainstem\31.3-26.2.25_WT+PLA_BS_AT8_delta1_first_2026-04-27_09.55.22_FusionStitcher.ims,brainstem,0.3042737609954946,0.304277851166887,1.8166666666667577
brainstem\64U-J9910_CHST11KO_BS_AT8_delta4_first_2026-04-23_12.32.20_FusionStitcher.ims,brainstem,0.3042051062003861,0.30427660510114324,1.8166666666667577
brainstem\F2445_CHST11KO+P301S_BS_AT8_epsilon1_fourth_2026-04-23_11.57.22_FusionStitcher.ims,brainstem,0.30420240137221255,0.3042762868455785,1.8166666666667577
hippocampus\0248_CHST11KO+P301S_HC_AT8_zeta2_first_2026-04-24_13.43.11_FusionStitcher.ims,hippocampus,0.30427436668097885,0.3042695339841592,1.816666666666606
hippocampus\1.3_P301S+PLA_HC_AT8_E2_first bottom_2026-04-22_14.20.44_FusionStitcher.ims,hippocampus,0.15213690529522444,0.15213854429684925,1.8153846153845035
hippocampus\31.3-26.2.25_WT+PLA_HC_AT8_delta1_fifth_2026-04-27_10.40.21_FusionStitcher.ims,hippocampus,0.30420962199312745,0.30426624930951945,1.8166666666667577
hippocampus\53234M_CHST11KO_HC_AT8_epsilon1_first_2026-04-24_15.07.25_FusionStitcher.ims,hippocampus,0.30422160188962855,0.30426986730556577,1.8166666666667577
motor cortex\1.3_P301S+PLA_MC_AT8_E2_first bottom_2026-04-22_14.10.39_FusionStitcher.ims,motor cortex,0.15210965945598626,0.15213846829054203,1.8153846153846434
motor cortex\31.3-26.2.25_WT+PLA_MC_AT8_delta1_first_2026-04-27_09.36.55_FusionStitcher.ims,motor cortex,0.3042746615087041,0.30427640845070425,1.816666666666606
motor cortex\64U-J9910_CHST11KO_MC_AT8_delta4_first_2026-04-23_12.12.05_FusionStitcher.ims,motor cortex,0.30427436668097885,0.3042762868455785,1.8166666666667577
motor cortex\F2445_CHST11KO+P301S_MC_AT8_epsilon1_fourth_2026-04-23_11.37.42_FusionStitcher.ims,motor cortex,0.30422474801629823,0.3042775456344844,1.8166666666667577
