image,point_index,annotation,label,z,y,x
1.3_P301S+PLA_BS_AT8_E2_first bottom_2026-04-22_14.32.11_FusionStitcher,0,1,43,2.0,666.7655665235723,777.7418887637987
1.3_P301S+PLA_BS_AT8_E2_first bottom_2026-04-22_14.32.11_FusionStitcher,1,1,490,2.0,721.5804189853643,583.453689482558
1.3_P301S+PLA_BS_AT8_E2_first bottom_2026-04-22_14.32.11_FusionStitcher,2,1,649,2.0,651.2502427593519,739.2721647365032
1.3_P301S+PLA_BS_AT8_E2_first bottom_2026-04-22_14.32.11_FusionStitcher,3,1,494,3.0,741.7984224045225,499.3380048622306
1.3_P301S+PLA_BS_AT8_E2_first bottom_2026-04-22_14.32.11_FusionStitcher,4,1,659,3.0,700.4622426800489,533.032201780499
1.3_P301S+PLA_BS_AT8_E2_first bottom_2026-04-22_14.32.11_FusionStitcher,5,1,490,3.0,721.9987396793545,581.6630014563502
1.3_P301S+PLA_BS_AT8_E2_first bottom_2026-04-22_14.32.11_FusionStitcher,6,1,8,2.0,540.0285114985979,911.9088284299668
1.3_P301S+PLA_BS_AT8_E2_first bottom_2026-04-22_14.32.11_FusionStitcher,7,1,352,1.0,322.1219551029623,1486.8507952061225
1.3_P301S+PLA_BS_AT8_E2_first bottom_2026-04-22_14.32.11_FusionStitcher,8,1,375,1.0,364.6157278164148,1301.6674067496033
1.3_P301S+PLA_BS_AT8_E2_first bottom_2026-04-22_14.32.11_FusionStitcher,9,1,351,1.0,323.01656084429817,1258.7263311654829
1.3_P301S+PLA_BS_AT8_E2_first bottom_2026-04-22_14.32.11_FusionStitcher,10,1,227,1.0,72.61305313405427,1628.3808596712256
1.3_P301S+PLA_BS_AT8_E2_first bottom_2026-04-22_14.32.11_FusionStitcher,11,1,252,1.0,133.9096920865043,1796.9466167904632
1.3_P301S+PLA_BS_AT8_E2_first bottom_2026-04-22_14.32.11_FusionStitcher,12,1,391,1.0,399.8496121968621,1094.427242178091
1.3_P301S+PLA_BS_AT8_E2_first bottom_2026-04-22_14.32.11_FusionStitcher,13,1,355,1.0,337.6490144946429,1090.33019682046
1.3_P301S+PLA_BS_AT8_E2_first bottom_2026-04-22_14.32.11_FusionStitcher,14,1,380,1.0,376.012257388826,1083.2534821118245
1.3_P301S+PLA_BS_AT8_E2_first bottom_2026-04-22_14.32.11_FusionStitcher,15,1,399,1.0,403.6326983015565,1834.3394607524324
1.3_P301S+PLA_BS_AT8_E2_first bottom_2026-04-22_14.32.11_FusionStitcher,16,1,401,1.0,403.8320155011576,2114.2409419481496
1.3_P301S+PLA_BS_AT8_E2_first bottom_2026-04-22_14.32.11_FusionStitcher,17,1,596,4.0,255.30833042268773,980.951565647131
1.3_P301S+PLA_BS_AT8_E2_first bottom_2026-04-22_14.32.11_FusionStitcher,18,1,295,1.0,239.22691900725377,1633.5357881838322
1.3_P301S+PLA_BS_AT8_E2_first bottom_2026-04-22_14.32.11_FusionStitcher,19,1,326,1.0,283.5491222304406,1559.2848812494108
1.3_P301S+PLA_BS_AT8_E2_first bottom_2026-04-22_14.32.11_FusionStitcher,20,1,232,1.0,94.9313090801536,1893.513186584959
1.3_P301S+PLA_BS_AT8_E2_first bottom_2026-04-22_14.32.11_FusionStitcher,21,1,746,3.0,88.03326895060653,2010.9706473235397
1.3_P301S+PLA_BS_AT8_E2_first bottom_2026-04-22_14.32.11_FusionStitcher,22,1,744,3.0,53.35575603669088,2043.4287994109648
1.3_P301S+PLA_BS_AT8_E2_first bottom_2026-04-22_14.32.11_FusionStitcher,0,0,443,1.0,507.0311195696801,1911.2307833847185
1.3_P301S+PLA_BS_AT8_E2_first bottom_2026-04-22_14.32.11_FusionStitcher,1,0,440,1.0,503.3286579730938,1977.0523228795853
1.3_P301S+PLA_BS_AT8_E2_first bottom_2026-04-22_14.32.11_FusionStitcher,2,0,434,1.0,482.7594268809478,1998.8557078372603
1.3_P301S+PLA_BS_AT8_E2_first bottom_2026-04-22_14.32.11_FusionStitcher,3,0,470,1.0,633.3261984754567,1935.913860695293
1.3_P301S+PLA_BS_AT8_E2_first bottom_2026-04-22_14.32.11_FusionStitcher,4,0,3,1.0,459.4138279848346,1722.7772013858762
1.3_P301S+PLA_BS_AT8_E2_first bottom_2026-04-22_14.32.11_FusionStitcher,5,0,414,1.0,433.72514984121966,1704.9174537241247
1.3_P301S+PLA_BS_AT8_E2_first bottom_2026-04-22_14.32.11_FusionStitcher,6,0,403,3.0,419.5352133428418,1804.980971445444
1.3_P301S+PLA_BS_AT8_E2_first bottom_2026-04-22_14.32.11_FusionStitcher,7,0,334,1.0,303.64128949925373,2110.233312908073
1.3_P301S+PLA_BS_AT8_E2_first bottom_2026-04-22_14.32.11_FusionStitcher,8,0,321,1.0,274.38559750669776,2113.0386532361267
1.3_P301S+PLA_BS_AT8_E2_first bottom_2026-04-22_14.32.11_FusionStitcher,9,0,264,1.0,166.9811392326568,2143.4966339407056
1.3_P301S+PLA_BS_AT8_E2_first bottom_2026-04-22_14.32.11_FusionStitcher,10,0,309,2.0,259.557370058416,2145.901211364752
1.3_P301S+PLA_BS_AT8_E2_first bottom_2026-04-22_14.32.11_FusionStitcher,11,0,350,2.0,314.8626508114669,2149.107314596812
1.3_P301S+PLA_BS_AT8_E2_first bottom_2026-04-22_14.32.11_FusionStitcher,12,0,581,4.0,140.3246445088273,1235.747091760271
1.3_P301S+PLA_BS_AT8_E2_first bottom_2026-04-22_14.32.11_FusionStitcher,13,0,322,1.0,274.6087479008619,1068.5457680480752
1.3_P301S+PLA_BS_AT8_E2_first bottom_2026-04-22_14.32.11_FusionStitcher,14,0,294,3.0,233.78094169703195,992.8287456336996
1.3_P301S+PLA_BS_AT8_E2_first bottom_2026-04-22_14.32.11_FusionStitcher,15,0,218,1.0,32.407408673126284,1884.0354250237456
1.3_P301S+PLA_BS_AT8_E2_first bottom_2026-04-22_14.32.11_FusionStitcher,16,0,225,4.0,58.07189779298341,1713.576296573799
1.3_P301S+PLA_BS_AT8_E2_first bottom_2026-04-22_14.32.11_FusionStitcher,17,0,217,4.0,25.0589054989357,1738.266685768507
1.3_P301S+PLA_BS_AT8_E2_first bottom_2026-04-22_14.32.11_FusionStitcher,18,0,26,2.0,599.3313881658349,1683.95705191237
